date,detector_id,detector_name,approach,group,timeframes_present,count_nonzero_intervals,occupancy_nonzero_intervals,speed_nonzero_intervals,count_all_zero,occupancy_all_zero,speed_all_zero,count_sum,occupancy_sum,speed_sum,confidence_min,count_invalid_samples_sum,occupancy_invalid_samples_sum,speed_invalid_samples_sum,count_expected_samples_sum,occupancy_expected_samples_sum,speed_expected_samples_sum,count_included_samples_sum,occupancy_included_samples_sum,speed_included_samples_sum,confidence_mean,problem_count_always_zero,problem_occupancy_always_zero,problem_speed_always_zero,suggestion
2026-03-01,3,VD41,East,Entry,95,95,85,0,False,False,True,3106.0,1018.0,0.0,100.0,0,0,0,95,95,95,95,95,95,100.0,False,False,True,COUNT_OK_SPEED_ZERO
2026-03-02,3,VD41,East,Entry,95,95,81,0,False,False,True,4235.0,2315.0,0.0,100.0,0,0,0,95,95,95,95,95,95,100.0,False,False,True,COUNT_OK_SPEED_ZERO
2026-03-03,3,VD41,East,Entry,95,94,80,0,False,False,True,4037.0,2394.0,0.0,100.0,0,0,0,95,95,95,95,95,95,100.0,False,False,True,COUNT_OK_SPEED_ZERO
2026-03-04,3,VD41,East,Entry,95,93,80,0,False,False,True,4098.0,2185.0,0.0,100.0,0,0,0,95,95,95,95,95,95,100.0,False,False,True,COUNT_OK_SPEED_ZERO
2026-03-05,3,VD41,East,Entry,95,94,82,0,False,False,True,4172.0,2427.0,0.0,100.0,0,0,0,95,95,95,95,95,95,100.0,False,False,True,COUNT_OK_SPEED_ZERO
2026-03-06,3,VD41,East,Entry,95,91,81,0,False,False,True,4190.0,2267.0,0.0,100.0,0,0,0,95,95,95,95,95,95,100.0,False,False,True,COUNT_OK_SPEED_ZERO
2026-03-07,3,VD41,East,Entry,95,93,88,0,False,False,True,4130.0,1516.0,0.0,100.0,0,0,0,95,95,95,95,95,95,100.0,False,False,True,COUNT_OK_SPEED_ZERO
2026-03-08,3,VD41,East,Entry,95,95,85,0,False,False,True,3177.0,1028.0,0.0,100.0,0,0,0,95,95,95,95,95,95,100.0,False,False,True,COUNT_OK_SPEED_ZERO
2026-03-09,3,VD41,East,Entry,95,90,80,0,False,False,True,3863.0,2332.0,0.0,100.0,0,0,0,95,95,95,95,95,95,100.0,False,False,True,COUNT_OK_SPEED_ZERO
2026-03-10,3,VD41,East,Entry,95,90,78,0,False,False,True,3890.0,2343.0,0.0,100.0,0,0,0,95,95,95,95,95,95,100.0,False,False,True,COUNT_OK_SPEED_ZERO
2026-03-11,3,VD41,East,Entry,95,95,82,0,False,False,True,3726.0,2541.0,0.0,100.0,0,0,0,95,95,95,95,95,95,100.0,False,False,True,COUNT_OK_SPEED_ZERO
2026-03-12,3,VD41,East,Entry,95,95,84,0,False,False,True,4131.0,2446.0,0.0,100.0,0,0,0,95,95,95,95,95,95,100.0,False,False,True,COUNT_OK_SPEED_ZERO
2026-03-13,3,VD41,East,Entry,95,94,82,0,False,False,True,4174.0,2435.0,0.0,100.0,0,0,0,95,95,95,95,95,95,100.0,False,False,True,COUNT_OK_SPEED_ZERO
2026-03-14,3,VD41,East,Entry,95,95,94,0,False,False,True,3856.0,1562.0,0.0,100.0,0,0,0,95,95,95,95,95,95,100.0,False,False,True,COUNT_OK_SPEED_ZERO
2026-03-15,3,VD41,East,Entry,95,95,83,0,False,False,True,2888.0,925.0,0.0,100.0,0,0,0,95,95,95,95,95,95,100.0,False,False,True,COUNT_OK_SPEED_ZERO
2026-03-16,3,VD41,East,Entry,95,90,80,0,False,False,True,4010.0,2235.0,0.0,100.0,0,0,0,95,95,95,95,95,95,100.0,False,False,True,COUNT_OK_SPEED_ZERO
2026-03-17,3,VD41,East,Entry,95,91,82,0,False,False,True,3869.0,2335.0,0.0,100.0,0,0,0,95,95,95,95,95,95,100.0,False,False,True,COUNT_OK_SPEED_ZERO
2026-03-18,3,VD41,East,Entry,95,93,81,0,False,False,True,4299.0,2203.0,0.0,100.0,0,0,0,95,95,95,95,95,95,100.0,False,False,True,COUNT_OK_SPEED_ZERO
2026-03-19,3,VD41,East,Entry,95,93,82,0,False,False,True,4237.0,2408.0,0.0,100.0,0,0,0,95,95,95,95,95,95,100.0,False,False,True,COUNT_OK_SPEED_ZERO
2026-03-20,3,VD41,East,Entry,95,95,82,0,False,False,True,4499.0,2239.0,0.0,100.0,0,0,0,95,95,95,95,95,95,100.0,False,False,True,COUNT_OK_SPEED_ZERO
2026-03-21,3,VD41,East,Entry,95,95,93,0,False,False,True,3890.0,1419.0,0.0,100.0,0,0,0,95,95,95,95,95,95,100.0,False,False,True,COUNT_OK_SPEED_ZERO
2026-03-22,3,VD41,East,Entry,95,94,87,0,False,False,True,3128.0,942.0,0.0,100.0,0,0,0,95,95,95,95,95,95,100.0,False,False,True,COUNT_OK_SPEED_ZERO
2026-03-23,3,VD41,East,Entry,95,93,83,0,False,False,True,4310.0,2208.0,0.0,100.0,0,0,0,95,95,95,95,95,95,100.0,False,False,True,COUNT_OK_SPEED_ZERO
2026-03-24,3,VD41,East,Entry,95,93,82,0,False,False,True,4029.0,2301.0,0.0,100.0,0,0,0,95,95,95,95,95,95,100.0,False,False,True,COUNT_OK_SPEED_ZERO
2026-03-25,3,VD41,East,Entry,95,92,81,0,False,False,True,3777.0,2536.0,0.0,100.0,0,0,0,95,95,95,95,95,95,100.0,False,False,True,COUNT_OK_SPEED_ZERO
2026-03-26,3,VD41,East,Entry,93,92,81,0,False,False,True,4048.0,2463.0,0.0,100.0,0,0,0,93,93,93,93,93,93,100.0,False,False,True,COUNT_OK_SPEED_ZERO
2026-03-27,3,VD41,East,Entry,95,94,83,0,False,False,True,4470.0,2394.0,0.0,100.0,0,0,0,95,95,95,95,95,95,100.0,False,False,True,COUNT_OK_SPEED_ZERO
2026-03-28,3,VD41,East,Entry,95,95,89,0,False,False,True,3722.0,1549.0,0.0,100.0,0,0,0,95,95,95,95,95,95,100.0,False,False,True,COUNT_OK_SPEED_ZERO
2026-03-29,3,VD41,East,Entry,95,95,86,0,False,False,True,3025.0,1068.0,0.0,100.0,0,0,0,95,95,95,95,95,95,100.0,False,False,True,COUNT_OK_SPEED_ZERO
2026-03-30,3,VD41,East,Entry,95,92,82,0,False,False,True,4273.0,2109.0,0.0,100.0,0,0,0,95,95,95,95,95,95,100.0,False,False,True,COUNT_OK_SPEED_ZERO
2026-03-31,3,VD41,East,Entry,95,92,84,0,False,False,True,4222.0,2111.0,0.0,100.0,0,0,0,95,95,95,95,95,95,100.0,False,False,True,COUNT_OK_SPEED_ZERO
2026-04-01,3,VD41,East,Entry,95,95,81,0,False,False,True,4393.0,2107.0,0.0,100.0,0,0,0,95,95,95,95,95,95,100.0,False,False,True,COUNT_OK_SPEED_ZERO
2026-03-01,4,VD42,East,Entry,95,93,71,0,False,False,True,1758.0,409.0,0.0,100.0,0,0,0,95,95,95,95,95,95,100.0,False,False,True,COUNT_OK_SPEED_ZERO
2026-03-02,4,VD42,East,Entry,95,91,76,0,False,False,True,2830.0,882.0,0.0,100.0,0,0,0,95,95,95,95,95,95,100.0,False,False,True,COUNT_OK_SPEED_ZERO
2026-03-03,4,VD42,East,Entry,95,90,74,0,False,False,True,2824.0,938.0,0.0,100.0,0,0,0,95,95,95,95,95,95,100.0,False,False,True,COUNT_OK_SPEED_ZERO
2026-03-04,4,VD42,East,Entry,95,87,74,0,False,False,True,2788.0,920.0,0.0,100.0,0,0,0,95,95,95,95,95,95,100.0,False,False,True,COUNT_OK_SPEED_ZERO
2026-03-05,4,VD42,East,Entry,95,90,80,0,False,False,True,2938.0,964.0,0.0,100.0,0,0,0,95,95,95,95,95,95,100.0,False,False,True,COUNT_OK_SPEED_ZERO
2026-03-06,4,VD42,East,Entry,95,91,78,0,False,False,True,2873.0,904.0,0.0,100.0,0,0,0,95,95,95,95,95,95,100.0,False,False,True,COUNT_OK_SPEED_ZERO
2026-03-07,4,VD42,East,Entry,95,94,79,0,False,False,True,2408.0,625.0,0.0,100.0,0,0,0,95,95,95,95,95,95,100.0,False,False,True,COUNT_OK_SPEED_ZERO
2026-03-08,4,VD42,East,Entry,95,92,69,0,False,False,True,1749.0,417.0,0.0,100.0,0,0,0,95,95,95,95,95,95,100.0,False,False,True,COUNT_OK_SPEED_ZERO
2026-03-09,4,VD42,East,Entry,95,92,75,0,False,False,True,2770.0,934.0,0.0,100.0,0,0,0,95,95,95,95,95,95,100.0,False,False,True,COUNT_OK_SPEED_ZERO
2026-03-10,4,VD42,East,Entry,95,92,79,0,False,False,True,2870.0,1039.0,0.0,100.0,0,0,0,95,95,95,95,95,95,100.0,False,False,True,COUNT_OK_SPEED_ZERO
2026-03-11,4,VD42,East,Entry,95,94,83,0,False,False,True,3157.0,1360.0,0.0,100.0,0,0,0,95,95,95,95,95,95,100.0,False,False,True,COUNT_OK_SPEED_ZERO
2026-03-12,4,VD42,East,Entry,95,95,81,0,False,False,True,3073.0,991.0,0.0,100.0,0,0,0,95,95,95,95,95,95,100.0,False,False,True,COUNT_OK_SPEED_ZERO
2026-03-13,4,VD42,East,Entry,95,89,78,0,False,False,True,3000.0,1112.0,0.0,100.0,0,0,0,95,95,95,95,95,95,100.0,False,False,True,COUNT_OK_SPEED_ZERO
2026-03-14,4,VD42,East,Entry,95,95,95,0,False,False,True,2363.0,704.0,0.0,100.0,0,0,0,95,95,95,95,95,95,100.0,False,False,True,COUNT_OK_SPEED_ZERO
2026-03-15,4,VD42,East,Entry,95,95,68,0,False,False,True,1614.0,409.0,0.0,100.0,0,0,0,95,95,95,95,95,95,100.0,False,False,True,COUNT_OK_SPEED_ZERO
2026-03-16,4,VD42,East,Entry,95,90,73,0,False,False,True,2654.0,882.0,0.0,100.0,0,0,0,95,95,95,95,95,95,100.0,False,False,True,COUNT_OK_SPEED_ZERO
2026-03-17,4,VD42,East,Entry,95,93,80,0,False,False,True,2703.0,926.0,0.0,100.0,0,0,0,95,95,95,95,95,95,100.0,False,False,True,COUNT_OK_SPEED_ZERO
2026-03-18,4,VD42,East,Entry,95,89,78,0,False,False,True,2811.0,899.0,0.0,100.0,0,0,0,95,95,95,95,95,95,100.0,False,False,True,COUNT_OK_SPEED_ZERO
2026-03-19,4,VD42,East,Entry,95,91,79,0,False,False,True,2950.0,979.0,0.0,100.0,0,0,0,95,95,95,95,95,95,100.0,False,False,True,COUNT_OK_SPEED_ZERO
2026-03-20,4,VD42,East,Entry,95,92,75,0,False,False,True,3021.0,881.0,0.0,100.0,0,0,0,95,95,95,95,95,95,100.0,False,False,True,COUNT_OK_SPEED_ZERO
2026-03-21,4,VD42,East,Entry,95,95,82,0,False,False,True,2305.0,591.0,0.0,100.0,0,0,0,95,95,95,95,95,95,100.0,False,False,True,COUNT_OK_SPEED_ZERO
2026-03-22,4,VD42,East,Entry,95,92,72,0,False,False,True,1621.0,358.0,0.0,100.0,0,0,0,95,95,95,95,95,95,100.0,False,False,True,COUNT_OK_SPEED_ZERO
2026-03-23,4,VD42,East,Entry,95,91,73,0,False,False,True,2865.0,895.0,0.0,100.0,0,0,0,95,95,95,95,95,95,100.0,False,False,True,COUNT_OK_SPEED_ZERO
2026-03-24,4,VD42,East,Entry,95,92,74,0,False,False,True,2882.0,933.0,0.0,100.0,0,0,0,95,95,95,95,95,95,100.0,False,False,True,COUNT_OK_SPEED_ZERO
2026-03-25,4,VD42,East,Entry,95,93,76,0,False,False,True,2844.0,1096.0,0.0,100.0,0,0,0,95,95,95,95,95,95,100.0,False,False,True,COUNT_OK_SPEED_ZERO
2026-03-26,4,VD42,East,Entry,93,90,75,0,False,False,True,2881.0,1014.0,0.0,100.0,0,0,0,93,93,93,93,93,93,100.0,False,False,True,COUNT_OK_SPEED_ZERO
2026-03-27,4,VD42,East,Entry,95,93,79,0,False,False,True,3011.0,914.0,0.0,100.0,0,0,0,95,95,95,95,95,95,100.0,False,False,True,COUNT_OK_SPEED_ZERO
2026-03-28,4,VD42,East,Entry,95,94,79,0,False,False,True,2324.0,699.0,0.0,100.0,0,0,0,95,95,95,95,95,95,100.0,False,False,True,COUNT_OK_SPEED_ZERO
2026-03-29,4,VD42,East,Entry,95,94,71,0,False,False,True,1716.0,445.0,0.0,100.0,0,0,0,95,95,95,95,95,95,100.0,False,False,True,COUNT_OK_SPEED_ZERO
2026-03-30,4,VD42,East,Entry,95,89,79,0,False,False,True,2966.0,964.0,0.0,100.0,0,0,0,95,95,95,95,95,95,100.0,False,False,True,COUNT_OK_SPEED_ZERO
2026-03-31,4,VD42,East,Entry,95,92,76,0,False,False,True,2830.0,938.0,0.0,100.0,0,0,0,95,95,95,95,95,95,100.0,False,False,True,COUNT_OK_SPEED_ZERO
2026-04-01,4,VD42,East,Entry,95,93,79,0,False,False,True,2676.0,797.0,0.0,100.0,0,0,0,95,95,95,95,95,95,100.0,False,False,True,COUNT_OK_SPEED_ZERO
2026-03-01,2,VD25,North-East,Entry,95,92,82,0,False,False,True,1458.0,1169.0,0.0,100.0,0,0,0,95,95,95,95,95,95,100.0,False,False,True,COUNT_OK_SPEED_ZERO
2026-03-02,2,VD25,North-East,Entry,95,91,79,0,False,False,True,2271.0,2152.0,0.0,100.0,0,0,0,95,95,95,95,95,95,100.0,False,False,True,COUNT_OK_SPEED_ZERO
2026-03-03,2,VD25,North-East,Entry,95,90,78,0,False,False,True,2261.0,2203.0,0.0,100.0,0,0,0,95,95,95,95,95,95,100.0,False,False,True,COUNT_OK_SPEED_ZERO
2026-03-04,2,VD25,North-East,Entry,95,88,77,0,False,False,True,2220.0,2044.0,0.0,100.0,0,0,0,95,95,95,95,95,95,100.0,False,False,True,COUNT_OK_SPEED_ZERO
2026-03-05,2,VD25,North-East,Entry,95,88,81,0,False,False,True,2282.0,2195.0,0.0,100.0,0,0,0,95,95,95,95,95,95,100.0,False,False,True,COUNT_OK_SPEED_ZERO
2026-03-06,2,VD25,North-East,Entry,95,90,83,0,False,False,True,2205.0,2178.0,0.0,100.0,0,0,0,95,95,95,95,95,95,100.0,False,False,True,COUNT_OK_SPEED_ZERO
2026-03-07,2,VD25,North-East,Entry,95,92,91,0,False,False,True,1990.0,1652.0,0.0,100.0,0,0,0,95,95,95,95,95,95,100.0,False,False,True,COUNT_OK_SPEED_ZERO
2026-03-08,2,VD25,North-East,Entry,95,92,81,0,False,False,True,1454.0,1155.0,0.0,100.0,0,0,0,95,95,95,95,95,95,100.0,False,False,True,COUNT_OK_SPEED_ZERO
2026-03-09,2,VD25,North-East,Entry,95,89,81,0,False,False,True,2121.0,2220.0,0.0,100.0,0,0,0,95,95,95,95,95,95,100.0,False,False,True,COUNT_OK_SPEED_ZERO
2026-03-10,2,VD25,North-East,Entry,95,90,80,0,False,False,True,2198.0,2287.0,0.0,100.0,0,0,0,95,95,95,95,95,95,100.0,False,False,True,COUNT_OK_SPEED_ZERO
2026-03-11,2,VD25,North-East,Entry,95,89,85,0,False,False,True,2039.0,2316.0,0.0,100.0,0,0,0,95,95,95,95,95,95,100.0,False,False,True,COUNT_OK_SPEED_ZERO
2026-03-12,2,VD25,North-East,Entry,95,89,83,0,False,False,True,2306.0,2331.0,0.0,100.0,0,0,0,95,95,95,95,95,95,100.0,False,False,True,COUNT_OK_SPEED_ZERO
2026-03-13,2,VD25,North-East,Entry,95,91,85,0,False,False,True,2311.0,2259.0,0.0,100.0,0,0,0,95,95,95,95,95,95,100.0,False,False,True,COUNT_OK_SPEED_ZERO
2026-03-14,2,VD25,North-East,Entry,95,94,93,0,False,False,True,1927.0,1521.0,0.0,100.0,0,0,0,95,95,95,95,95,95,100.0,False,False,True,COUNT_OK_SPEED_ZERO
2026-03-15,2,VD25,North-East,Entry,95,94,82,0,False,False,True,1330.0,780.0,0.0,100.0,0,0,0,95,95,95,95,95,95,100.0,False,False,True,COUNT_OK_SPEED_ZERO
2026-03-16,2,VD25,North-East,Entry,95,89,75,0,False,False,True,2156.0,2140.0,0.0,100.0,0,0,0,95,95,95,95,95,95,100.0,False,False,True,COUNT_OK_SPEED_ZERO
2026-03-17,2,VD25,North-East,Entry,95,89,81,0,False,False,True,2159.0,2225.0,0.0,100.0,0,0,0,95,95,95,95,95,95,100.0,False,False,True,COUNT_OK_SPEED_ZERO
2026-03-18,2,VD25,North-East,Entry,95,92,78,0,False,False,True,2364.0,2071.0,0.0,100.0,0,0,0,95,95,95,95,95,95,100.0,False,False,True,COUNT_OK_SPEED_ZERO
2026-03-19,2,VD25,North-East,Entry,95,89,82,0,False,False,True,2380.0,2091.0,0.0,100.0,0,0,0,95,95,95,95,95,95,100.0,False,False,True,COUNT_OK_SPEED_ZERO
2026-03-20,2,VD25,North-East,Entry,95,95,85,0,False,False,True,2435.0,2201.0,0.0,100.0,0,0,0,95,95,95,95,95,95,100.0,False,False,True,COUNT_OK_SPEED_ZERO
2026-03-21,2,VD25,North-East,Entry,95,95,88,0,False,False,True,1921.0,1514.0,0.0,100.0,0,0,0,95,95,95,95,95,95,100.0,False,False,True,COUNT_OK_SPEED_ZERO
2026-03-22,2,VD25,North-East,Entry,95,93,80,0,False,False,True,1456.0,1083.0,0.0,100.0,0,0,0,95,95,95,95,95,95,100.0,False,False,True,COUNT_OK_SPEED_ZERO
2026-03-23,2,VD25,North-East,Entry,95,93,82,0,False,False,True,2305.0,2060.0,0.0,100.0,0,0,0,95,95,95,95,95,95,100.0,False,False,True,COUNT_OK_SPEED_ZERO
2026-03-24,2,VD25,North-East,Entry,95,90,79,0,False,False,True,2308.0,2079.0,0.0,100.0,0,0,0,95,95,95,95,95,95,100.0,False,False,True,COUNT_OK_SPEED_ZERO
2026-03-25,2,VD25,North-East,Entry,95,90,79,0,False,False,True,2203.0,2324.0,0.0,100.0,0,0,0,95,95,95,95,95,95,100.0,False,False,True,COUNT_OK_SPEED_ZERO
2026-03-26,2,VD25,North-East,Entry,93,91,81,0,False,False,True,2172.0,2255.0,0.0,100.0,0,0,0,93,93,93,93,93,93,100.0,False,False,True,COUNT_OK_SPEED_ZERO
2026-03-27,2,VD25,North-East,Entry,95,94,85,0,False,False,True,2338.0,2209.0,0.0,100.0,0,0,0,95,95,95,95,95,95,100.0,False,False,True,COUNT_OK_SPEED_ZERO
2026-03-28,2,VD25,North-East,Entry,95,95,88,0,False,False,True,1814.0,1553.0,0.0,100.0,0,0,0,95,95,95,95,95,95,100.0,False,False,True,COUNT_OK_SPEED_ZERO
2026-03-29,2,VD25,North-East,Entry,95,93,83,0,False,False,True,1481.0,1207.0,0.0,100.0,0,0,0,95,95,95,95,95,95,100.0,False,False,True,COUNT_OK_SPEED_ZERO
2026-03-30,2,VD25,North-East,Entry,95,89,81,0,False,False,True,2034.0,2140.0,0.0,100.0,0,0,0,95,95,95,95,95,95,100.0,False,False,True,COUNT_OK_SPEED_ZERO
2026-03-31,2,VD25,North-East,Entry,95,88,81,0,False,False,True,2082.0,2148.0,0.0,100.0,0,0,0,95,95,95,95,95,95,100.0,False,False,True,COUNT_OK_SPEED_ZERO
2026-04-01,2,VD25,North-East,Entry,95,92,83,0,False,False,True,2157.0,1922.0,0.0,100.0,0,0,0,95,95,95,95,95,95,100.0,False,False,True,COUNT_OK_SPEED_ZERO
2026-03-01,24,WD21,North-East,Entry,95,80,59,0,False,False,True,385.0,1022.0,0.0,100.0,0,0,0,95,95,95,95,95,95,100.0,False,False,True,COUNT_OK_SPEED_ZERO
2026-03-02,24,WD21,North-East,Entry,95,75,63,0,False,False,True,658.0,1524.0,0.0,100.0,0,0,0,95,95,95,95,95,95,100.0,False,False,True,COUNT_OK_SPEED_ZERO
2026-03-03,24,WD21,North-East,Entry,95,75,65,0,False,False,True,679.0,1698.0,0.0,100.0,0,0,0,95,95,95,95,95,95,100.0,False,False,True,COUNT_OK_SPEED_ZERO
2026-03-04,24,WD21,North-East,Entry,95,77,63,0,False,False,True,666.0,1643.0,0.0,100.0,0,0,0,95,95,95,95,95,95,100.0,False,False,True,COUNT_OK_SPEED_ZERO
2026-03-05,24,WD21,North-East,Entry,95,75,64,0,False,False,True,653.0,1523.0,0.0,100.0,0,0,0,95,95,95,95,95,95,100.0,False,False,True,COUNT_OK_SPEED_ZERO
2026-03-06,24,WD21,North-East,Entry,95,79,64,0,False,False,True,643.0,1461.0,0.0,100.0,0,0,0,95,95,95,95,95,95,100.0,False,False,True,COUNT_OK_SPEED_ZERO
2026-03-07,24,WD21,North-East,Entry,95,82,65,0,False,False,True,511.0,1147.0,0.0,100.0,0,0,0,95,95,95,95,95,95,100.0,False,False,True,COUNT_OK_SPEED_ZERO
2026-03-08,24,WD21,North-East,Entry,95,82,59,0,False,False,True,379.0,930.0,0.0,100.0,0,0,0,95,95,95,95,95,95,100.0,False,False,True,COUNT_OK_SPEED_ZERO
2026-03-09,24,WD21,North-East,Entry,95,75,62,0,False,False,True,694.0,1670.0,0.0,100.0,0,0,0,95,95,95,95,95,95,100.0,False,False,True,COUNT_OK_SPEED_ZERO
2026-03-10,24,WD21,North-East,Entry,95,79,64,0,False,False,True,629.0,1592.0,0.0,100.0,0,0,0,95,95,95,95,95,95,100.0,False,False,True,COUNT_OK_SPEED_ZERO
2026-03-11,24,WD21,North-East,Entry,95,78,64,0,False,False,True,659.0,1606.0,0.0,100.0,0,0,0,95,95,95,95,95,95,100.0,False,False,True,COUNT_OK_SPEED_ZERO
2026-03-12,24,WD21,North-East,Entry,95,74,62,0,False,False,True,648.0,1624.0,0.0,100.0,0,0,0,95,95,95,95,95,95,100.0,False,False,True,COUNT_OK_SPEED_ZERO
2026-03-13,24,WD21,North-East,Entry,95,80,64,0,False,False,True,660.0,1494.0,0.0,100.0,0,0,0,95,95,95,95,95,95,100.0,False,False,True,COUNT_OK_SPEED_ZERO
2026-03-14,24,WD21,North-East,Entry,95,82,62,0,False,False,True,462.0,1216.0,0.0,100.0,0,0,0,95,95,95,95,95,95,100.0,False,False,True,COUNT_OK_SPEED_ZERO
2026-03-15,24,WD21,North-East,Entry,95,80,59,0,False,False,True,353.0,962.0,0.0,100.0,0,0,0,95,95,95,95,95,95,100.0,False,False,True,COUNT_OK_SPEED_ZERO
2026-03-16,24,WD21,North-East,Entry,95,77,64,0,False,False,True,623.0,1700.0,0.0,100.0,0,0,0,95,95,95,95,95,95,100.0,False,False,True,COUNT_OK_SPEED_ZERO
2026-03-17,24,WD21,North-East,Entry,95,77,64,0,False,False,True,644.0,1529.0,0.0,100.0,0,0,0,95,95,95,95,95,95,100.0,False,False,True,COUNT_OK_SPEED_ZERO
2026-03-18,24,WD21,North-East,Entry,95,76,62,0,False,False,True,616.0,1429.0,0.0,100.0,0,0,0,95,95,95,95,95,95,100.0,False,False,True,COUNT_OK_SPEED_ZERO
2026-03-19,24,WD21,North-East,Entry,95,74,66,0,False,False,True,615.0,1521.0,0.0,100.0,0,0,0,95,95,95,95,95,95,100.0,False,False,True,COUNT_OK_SPEED_ZERO
2026-03-20,24,WD21,North-East,Entry,95,82,66,0,False,False,True,644.0,1582.0,0.0,100.0,0,0,0,95,95,95,95,95,95,100.0,False,False,True,COUNT_OK_SPEED_ZERO
2026-03-21,24,WD21,North-East,Entry,95,84,64,0,False,False,True,443.0,1023.0,0.0,100.0,0,0,0,95,95,95,95,95,95,100.0,False,False,True,COUNT_OK_SPEED_ZERO
2026-03-22,24,WD21,North-East,Entry,95,82,61,0,False,False,True,400.0,955.0,0.0,100.0,0,0,0,95,95,95,95,95,95,100.0,False,False,True,COUNT_OK_SPEED_ZERO
2026-03-23,24,WD21,North-East,Entry,95,77,62,0,False,False,True,647.0,1426.0,0.0,100.0,0,0,0,95,95,95,95,95,95,100.0,False,False,True,COUNT_OK_SPEED_ZERO
2026-03-24,24,WD21,North-East,Entry,95,76,65,0,False,False,True,661.0,1603.0,0.0,100.0,0,0,0,95,95,95,95,95,95,100.0,False,False,True,COUNT_OK_SPEED_ZERO
2026-03-25,24,WD21,North-East,Entry,95,74,63,0,False,False,True,651.0,1674.0,0.0,100.0,0,0,0,95,95,95,95,95,95,100.0,False,False,True,COUNT_OK_SPEED_ZERO
2026-03-26,24,WD21,North-East,Entry,93,74,62,0,False,False,True,647.0,1599.0,0.0,100.0,0,0,0,93,93,93,93,93,93,100.0,False,False,True,COUNT_OK_SPEED_ZERO
2026-03-27,24,WD21,North-East,Entry,95,79,65,0,False,False,True,633.0,1533.0,0.0,100.0,0,0,0,95,95,95,95,95,95,100.0,False,False,True,COUNT_OK_SPEED_ZERO
2026-03-28,24,WD21,North-East,Entry,95,79,63,0,False,False,True,398.0,961.0,0.0,100.0,0,0,0,95,95,95,95,95,95,100.0,False,False,True,COUNT_OK_SPEED_ZERO
2026-03-29,24,WD21,North-East,Entry,95,79,57,0,False,False,True,388.0,946.0,0.0,100.0,0,0,0,95,95,95,95,95,95,100.0,False,False,True,COUNT_OK_SPEED_ZERO
2026-03-30,24,WD21,North-East,Entry,95,76,61,0,False,False,True,534.0,1324.0,0.0,100.0,0,0,0,95,95,95,95,95,95,100.0,False,False,True,COUNT_OK_SPEED_ZERO
2026-03-31,24,WD21,North-East,Entry,95,75,61,0,False,False,True,537.0,1307.0,0.0,100.0,0,0,0,95,95,95,95,95,95,100.0,False,False,True,COUNT_OK_SPEED_ZERO
2026-04-01,24,WD21,North-East,Entry,95,75,64,0,False,False,True,584.0,1359.0,0.0,100.0,0,0,0,95,95,95,95,95,95,100.0,False,False,True,COUNT_OK_SPEED_ZERO
2026-03-01,25,WD22,North-East,Entry,95,92,75,0,False,False,True,1174.0,2431.0,0.0,100.0,0,0,0,95,95,95,95,95,95,100.0,False,False,True,COUNT_OK_SPEED_ZERO
2026-03-02,25,WD22,North-East,Entry,95,91,70,0,False,False,True,2084.0,3460.0,0.0,100.0,0,0,0,95,95,95,95,95,95,100.0,False,False,True,COUNT_OK_SPEED_ZERO
2026-03-03,25,WD22,North-East,Entry,95,91,71,0,False,False,True,2169.0,3559.0,0.0,100.0,0,0,0,95,95,95,95,95,95,100.0,False,False,True,COUNT_OK_SPEED_ZERO
2026-03-04,25,WD22,North-East,Entry,95,87,73,0,False,False,True,2055.0,3466.0,0.0,100.0,0,0,0,95,95,95,95,95,95,100.0,False,False,True,COUNT_OK_SPEED_ZERO
2026-03-05,25,WD22,North-East,Entry,95,88,72,0,False,False,True,2179.0,3597.0,0.0,100.0,0,0,0,95,95,95,95,95,95,100.0,False,False,True,COUNT_OK_SPEED_ZERO
2026-03-06,25,WD22,North-East,Entry,95,90,78,0,False,False,True,2176.0,3548.0,0.0,100.0,0,0,0,95,95,95,95,95,95,100.0,False,False,True,COUNT_OK_SPEED_ZERO
2026-03-07,25,WD22,North-East,Entry,95,93,82,0,False,False,True,1829.0,2994.0,0.0,100.0,0,0,0,95,95,95,95,95,95,100.0,False,False,True,COUNT_OK_SPEED_ZERO
2026-03-08,25,WD22,North-East,Entry,95,92,78,0,False,False,True,1211.0,2280.0,0.0,100.0,0,0,0,95,95,95,95,95,95,100.0,False,False,True,COUNT_OK_SPEED_ZERO
2026-03-09,25,WD22,North-East,Entry,95,89,72,0,False,False,True,2132.0,3433.0,0.0,100.0,0,0,0,95,95,95,95,95,95,100.0,False,False,True,COUNT_OK_SPEED_ZERO
2026-03-10,25,WD22,North-East,Entry,95,90,72,0,False,False,True,2149.0,3567.0,0.0,100.0,0,0,0,95,95,95,95,95,95,100.0,False,False,True,COUNT_OK_SPEED_ZERO
2026-03-11,25,WD22,North-East,Entry,95,88,74,0,False,False,True,2050.0,3449.0,0.0,100.0,0,0,0,95,95,95,95,95,95,100.0,False,False,True,COUNT_OK_SPEED_ZERO
2026-03-12,25,WD22,North-East,Entry,95,88,73,0,False,False,True,2291.0,3665.0,0.0,100.0,0,0,0,95,95,95,95,95,95,100.0,False,False,True,COUNT_OK_SPEED_ZERO
2026-03-13,25,WD22,North-East,Entry,95,90,78,0,False,False,True,2261.0,3580.0,0.0,100.0,0,0,0,95,95,95,95,95,95,100.0,False,False,True,COUNT_OK_SPEED_ZERO
2026-03-14,25,WD22,North-East,Entry,95,94,80,0,False,False,True,1755.0,3154.0,0.0,100.0,0,0,0,95,95,95,95,95,95,100.0,False,False,True,COUNT_OK_SPEED_ZERO
2026-03-15,25,WD22,North-East,Entry,95,93,71,0,False,False,True,1066.0,2204.0,0.0,100.0,0,0,0,95,95,95,95,95,95,100.0,False,False,True,COUNT_OK_SPEED_ZERO
2026-03-16,25,WD22,North-East,Entry,95,88,70,0,False,False,True,2104.0,3556.0,0.0,100.0,0,0,0,95,95,95,95,95,95,100.0,False,False,True,COUNT_OK_SPEED_ZERO
2026-03-17,25,WD22,North-East,Entry,95,87,72,0,False,False,True,2283.0,3521.0,0.0,100.0,0,0,0,95,95,95,95,95,95,100.0,False,False,True,COUNT_OK_SPEED_ZERO
2026-03-18,25,WD22,North-East,Entry,95,92,73,0,False,False,True,2094.0,3560.0,0.0,100.0,0,0,0,95,95,95,95,95,95,100.0,False,False,True,COUNT_OK_SPEED_ZERO
2026-03-19,25,WD22,North-East,Entry,95,89,75,0,False,False,True,2190.0,3643.0,0.0,100.0,0,0,0,95,95,95,95,95,95,100.0,False,False,True,COUNT_OK_SPEED_ZERO
2026-03-20,25,WD22,North-East,Entry,95,95,78,0,False,False,True,2359.0,3642.0,0.0,100.0,0,0,0,95,95,95,95,95,95,100.0,False,False,True,COUNT_OK_SPEED_ZERO
2026-03-21,25,WD22,North-East,Entry,95,94,78,0,False,False,True,1724.0,2858.0,0.0,100.0,0,0,0,95,95,95,95,95,95,100.0,False,False,True,COUNT_OK_SPEED_ZERO
2026-03-22,25,WD22,North-East,Entry,95,91,71,0,False,False,True,1211.0,2366.0,0.0,100.0,0,0,0,95,95,95,95,95,95,100.0,False,False,True,COUNT_OK_SPEED_ZERO
2026-03-23,25,WD22,North-East,Entry,95,92,71,0,False,False,True,2133.0,3392.0,0.0,100.0,0,0,0,95,95,95,95,95,95,100.0,False,False,True,COUNT_OK_SPEED_ZERO
2026-03-24,25,WD22,North-East,Entry,95,90,72,0,False,False,True,2179.0,3655.0,0.0,100.0,0,0,0,95,95,95,95,95,95,100.0,False,False,True,COUNT_OK_SPEED_ZERO
2026-03-25,25,WD22,North-East,Entry,95,89,73,0,False,False,True,2130.0,3543.0,0.0,100.0,0,0,0,95,95,95,95,95,95,100.0,False,False,True,COUNT_OK_SPEED_ZERO
2026-03-26,25,WD22,North-East,Entry,93,92,75,0,False,False,True,2137.0,3510.0,0.0,100.0,0,0,0,93,93,93,93,93,93,100.0,False,False,True,COUNT_OK_SPEED_ZERO
2026-03-27,25,WD22,North-East,Entry,95,93,81,0,False,False,True,2247.0,3478.0,0.0,100.0,0,0,0,95,95,95,95,95,95,100.0,False,False,True,COUNT_OK_SPEED_ZERO
2026-03-28,25,WD22,North-East,Entry,95,95,82,0,False,False,True,1630.0,3006.0,0.0,100.0,0,0,0,95,95,95,95,95,95,100.0,False,False,True,COUNT_OK_SPEED_ZERO
2026-03-29,25,WD22,North-East,Entry,95,93,78,0,False,False,True,1333.0,2568.0,0.0,100.0,0,0,0,95,95,95,95,95,95,100.0,False,False,True,COUNT_OK_SPEED_ZERO
2026-03-30,25,WD22,North-East,Entry,95,88,73,0,False,False,True,1970.0,3293.0,0.0,100.0,0,0,0,95,95,95,95,95,95,100.0,False,False,True,COUNT_OK_SPEED_ZERO
2026-03-31,25,WD22,North-East,Entry,95,90,74,0,False,False,True,2078.0,3430.0,0.0,100.0,0,0,0,95,95,95,95,95,95,100.0,False,False,True,COUNT_OK_SPEED_ZERO
2026-04-01,25,WD22,North-East,Entry,95,93,77,0,False,False,True,2038.0,3394.0,0.0,100.0,0,0,0,95,95,95,95,95,95,100.0,False,False,True,COUNT_OK_SPEED_ZERO
2026-03-01,26,WD23,North-East,Entry,95,80,59,0,False,False,True,336.0,1086.0,0.0,100.0,0,0,0,95,95,95,95,95,95,100.0,False,False,True,COUNT_OK_SPEED_ZERO
2026-03-02,26,WD23,North-East,Entry,95,76,65,0,False,False,True,516.0,1656.0,0.0,100.0,0,0,0,95,95,95,95,95,95,100.0,False,False,True,COUNT_OK_SPEED_ZERO
2026-03-03,26,WD23,North-East,Entry,95,77,66,0,False,False,True,540.0,1817.0,0.0,100.0,0,0,0,95,95,95,95,95,95,100.0,False,False,True,COUNT_OK_SPEED_ZERO
2026-03-04,26,WD23,North-East,Entry,95,75,63,0,False,False,True,520.0,1791.0,0.0,100.0,0,0,0,95,95,95,95,95,95,100.0,False,False,True,COUNT_OK_SPEED_ZERO
2026-03-05,26,WD23,North-East,Entry,95,77,64,0,False,False,True,539.0,1669.0,0.0,100.0,0,0,0,95,95,95,95,95,95,100.0,False,False,True,COUNT_OK_SPEED_ZERO
2026-03-06,26,WD23,North-East,Entry,95,80,65,0,False,False,True,551.0,1497.0,0.0,100.0,0,0,0,95,95,95,95,95,95,100.0,False,False,True,COUNT_OK_SPEED_ZERO
2026-03-07,26,WD23,North-East,Entry,95,82,67,0,False,False,True,429.0,1278.0,0.0,100.0,0,0,0,95,95,95,95,95,95,100.0,False,False,True,COUNT_OK_SPEED_ZERO
2026-03-08,26,WD23,North-East,Entry,95,81,59,0,False,False,True,330.0,1002.0,0.0,100.0,0,0,0,95,95,95,95,95,95,100.0,False,False,True,COUNT_OK_SPEED_ZERO
2026-03-09,26,WD23,North-East,Entry,95,75,62,0,False,False,True,539.0,1731.0,0.0,100.0,0,0,0,95,95,95,95,95,95,100.0,False,False,True,COUNT_OK_SPEED_ZERO
2026-03-10,26,WD23,North-East,Entry,95,76,64,0,False,False,True,507.0,1682.0,0.0,100.0,0,0,0,95,95,95,95,95,95,100.0,False,False,True,COUNT_OK_SPEED_ZERO
2026-03-11,26,WD23,North-East,Entry,95,78,64,0,False,False,True,540.0,1648.0,0.0,100.0,0,0,0,95,95,95,95,95,95,100.0,False,False,True,COUNT_OK_SPEED_ZERO
2026-03-12,26,WD23,North-East,Entry,95,74,63,0,False,False,True,502.0,1731.0,0.0,100.0,0,0,0,95,95,95,95,95,95,100.0,False,False,True,COUNT_OK_SPEED_ZERO
2026-03-13,26,WD23,North-East,Entry,95,80,65,0,False,False,True,523.0,1595.0,0.0,100.0,0,0,0,95,95,95,95,95,95,100.0,False,False,True,COUNT_OK_SPEED_ZERO
2026-03-14,26,WD23,North-East,Entry,95,82,62,0,False,False,True,411.0,1259.0,0.0,100.0,0,0,0,95,95,95,95,95,95,100.0,False,False,True,COUNT_OK_SPEED_ZERO
2026-03-15,26,WD23,North-East,Entry,95,79,60,0,False,False,True,316.0,996.0,0.0,100.0,0,0,0,95,95,95,95,95,95,100.0,False,False,True,COUNT_OK_SPEED_ZERO
2026-03-16,26,WD23,North-East,Entry,95,78,64,0,False,False,True,525.0,1766.0,0.0,100.0,0,0,0,95,95,95,95,95,95,100.0,False,False,True,COUNT_OK_SPEED_ZERO
2026-03-17,26,WD23,North-East,Entry,95,77,64,0,False,False,True,529.0,1628.0,0.0,100.0,0,0,0,95,95,95,95,95,95,100.0,False,False,True,COUNT_OK_SPEED_ZERO
2026-03-18,26,WD23,North-East,Entry,95,75,62,0,False,False,True,497.0,1565.0,0.0,100.0,0,0,0,95,95,95,95,95,95,100.0,False,False,True,COUNT_OK_SPEED_ZERO
2026-03-19,26,WD23,North-East,Entry,95,75,66,0,False,False,True,514.0,1680.0,0.0,100.0,0,0,0,95,95,95,95,95,95,100.0,False,False,True,COUNT_OK_SPEED_ZERO
2026-03-20,26,WD23,North-East,Entry,95,81,65,0,False,False,True,527.0,1725.0,0.0,100.0,0,0,0,95,95,95,95,95,95,100.0,False,False,True,COUNT_OK_SPEED_ZERO
2026-03-21,26,WD23,North-East,Entry,95,83,63,0,False,False,True,382.0,1077.0,0.0,100.0,0,0,0,95,95,95,95,95,95,100.0,False,False,True,COUNT_OK_SPEED_ZERO
2026-03-22,26,WD23,North-East,Entry,95,83,60,0,False,False,True,326.0,996.0,0.0,100.0,0,0,0,95,95,95,95,95,95,100.0,False,False,True,COUNT_OK_SPEED_ZERO
2026-03-23,26,WD23,North-East,Entry,95,77,62,0,False,False,True,528.0,1553.0,0.0,100.0,0,0,0,95,95,95,95,95,95,100.0,False,False,True,COUNT_OK_SPEED_ZERO
2026-03-24,26,WD23,North-East,Entry,95,76,65,0,False,False,True,545.0,1671.0,0.0,100.0,0,0,0,95,95,95,95,95,95,100.0,False,False,True,COUNT_OK_SPEED_ZERO
2026-03-25,26,WD23,North-East,Entry,95,74,63,0,False,False,True,541.0,1678.0,0.0,100.0,0,0,0,95,95,95,95,95,95,100.0,False,False,True,COUNT_OK_SPEED_ZERO
2026-03-26,26,WD23,North-East,Entry,93,74,63,0,False,False,True,526.0,1673.0,0.0,100.0,0,0,0,93,93,93,93,93,93,100.0,False,False,True,COUNT_OK_SPEED_ZERO
2026-03-27,26,WD23,North-East,Entry,95,79,65,0,False,False,True,522.0,1630.0,0.0,100.0,0,0,0,95,95,95,95,95,95,100.0,False,False,True,COUNT_OK_SPEED_ZERO
2026-03-28,26,WD23,North-East,Entry,95,79,63,0,False,False,True,353.0,970.0,0.0,100.0,0,0,0,95,95,95,95,95,95,100.0,False,False,True,COUNT_OK_SPEED_ZERO
2026-03-29,26,WD23,North-East,Entry,95,79,58,0,False,False,True,320.0,983.0,0.0,100.0,0,0,0,95,95,95,95,95,95,100.0,False,False,True,COUNT_OK_SPEED_ZERO
2026-03-30,26,WD23,North-East,Entry,95,78,62,0,False,False,True,457.0,1368.0,0.0,100.0,0,0,0,95,95,95,95,95,95,100.0,False,False,True,COUNT_OK_SPEED_ZERO
2026-03-31,26,WD23,North-East,Entry,95,75,61,0,False,False,True,461.0,1338.0,0.0,100.0,0,0,0,95,95,95,95,95,95,100.0,False,False,True,COUNT_OK_SPEED_ZERO
2026-04-01,26,WD23,North-East,Entry,95,75,65,0,False,False,True,456.0,1465.0,0.0,100.0,0,0,0,95,95,95,95,95,95,100.0,False,False,True,COUNT_OK_SPEED_ZERO
2026-03-01,27,WD24,North-East,Entry,95,92,81,0,False,False,True,811.0,2522.0,0.0,100.0,0,0,0,95,95,95,95,95,95,100.0,False,False,True,COUNT_OK_SPEED_ZERO
2026-03-02,27,WD24,North-East,Entry,95,91,72,0,False,False,True,1154.0,3806.0,0.0,100.0,0,0,0,95,95,95,95,95,95,100.0,False,False,True,COUNT_OK_SPEED_ZERO
2026-03-03,27,WD24,North-East,Entry,95,91,74,0,False,False,True,1146.0,3893.0,0.0,100.0,0,0,0,95,95,95,95,95,95,100.0,False,False,True,COUNT_OK_SPEED_ZERO
2026-03-04,27,WD24,North-East,Entry,95,90,74,0,False,False,True,1123.0,3851.0,0.0,100.0,0,0,0,95,95,95,95,95,95,100.0,False,False,True,COUNT_OK_SPEED_ZERO
2026-03-05,27,WD24,North-East,Entry,95,88,74,0,False,False,True,1193.0,3983.0,0.0,100.0,0,0,0,95,95,95,95,95,95,100.0,False,False,True,COUNT_OK_SPEED_ZERO
2026-03-06,27,WD24,North-East,Entry,95,91,79,0,False,False,True,1230.0,3846.0,0.0,100.0,0,0,0,95,95,95,95,95,95,100.0,False,False,True,COUNT_OK_SPEED_ZERO
2026-03-07,27,WD24,North-East,Entry,95,93,82,0,False,False,True,1147.0,3272.0,0.0,100.0,0,0,0,95,95,95,95,95,95,100.0,False,False,True,COUNT_OK_SPEED_ZERO
2026-03-08,27,WD24,North-East,Entry,95,92,78,0,False,False,True,877.0,2428.0,0.0,100.0,0,0,0,95,95,95,95,95,95,100.0,False,False,True,COUNT_OK_SPEED_ZERO
2026-03-09,27,WD24,North-East,Entry,95,90,74,0,False,False,True,1181.0,3815.0,0.0,100.0,0,0,0,95,95,95,95,95,95,100.0,False,False,True,COUNT_OK_SPEED_ZERO
2026-03-10,27,WD24,North-East,Entry,95,89,73,0,False,False,True,1188.0,3890.0,0.0,100.0,0,0,0,95,95,95,95,95,95,100.0,False,False,True,COUNT_OK_SPEED_ZERO
2026-03-11,27,WD24,North-East,Entry,95,86,74,0,False,False,True,1153.0,3651.0,0.0,100.0,0,0,0,95,95,95,95,95,95,100.0,False,False,True,COUNT_OK_SPEED_ZERO
2026-03-12,27,WD24,North-East,Entry,95,88,73,0,False,False,True,1232.0,4009.0,0.0,100.0,0,0,0,95,95,95,95,95,95,100.0,False,False,True,COUNT_OK_SPEED_ZERO
2026-03-13,27,WD24,North-East,Entry,95,91,80,0,False,False,True,1228.0,3858.0,0.0,100.0,0,0,0,95,95,95,95,95,95,100.0,False,False,True,COUNT_OK_SPEED_ZERO
2026-03-14,27,WD24,North-East,Entry,95,94,81,0,False,False,True,1085.0,3313.0,0.0,100.0,0,0,0,95,95,95,95,95,95,100.0,False,False,True,COUNT_OK_SPEED_ZERO
2026-03-15,27,WD24,North-East,Entry,95,94,75,0,False,False,True,754.0,2280.0,0.0,100.0,0,0,0,95,95,95,95,95,95,100.0,False,False,True,COUNT_OK_SPEED_ZERO
2026-03-16,27,WD24,North-East,Entry,95,88,71,0,False,False,True,1179.0,3836.0,0.0,100.0,0,0,0,95,95,95,95,95,95,100.0,False,False,True,COUNT_OK_SPEED_ZERO
2026-03-17,27,WD24,North-East,Entry,95,89,72,0,False,False,True,1228.0,3871.0,0.0,100.0,0,0,0,95,95,95,95,95,95,100.0,False,False,True,COUNT_OK_SPEED_ZERO
2026-03-18,27,WD24,North-East,Entry,95,92,73,0,False,False,True,1171.0,3921.0,0.0,100.0,0,0,0,95,95,95,95,95,95,100.0,False,False,True,COUNT_OK_SPEED_ZERO
2026-03-19,27,WD24,North-East,Entry,95,89,76,0,False,False,True,1213.0,3992.0,0.0,100.0,0,0,0,95,95,95,95,95,95,100.0,False,False,True,COUNT_OK_SPEED_ZERO
2026-03-20,27,WD24,North-East,Entry,95,95,80,0,False,False,True,1349.0,4024.0,0.0,100.0,0,0,0,95,95,95,95,95,95,100.0,False,False,True,COUNT_OK_SPEED_ZERO
2026-03-21,27,WD24,North-East,Entry,95,94,83,0,False,False,True,1138.0,3068.0,0.0,100.0,0,0,0,95,95,95,95,95,95,100.0,False,False,True,COUNT_OK_SPEED_ZERO
2026-03-22,27,WD24,North-East,Entry,95,90,72,0,False,False,True,832.0,2563.0,0.0,100.0,0,0,0,95,95,95,95,95,95,100.0,False,False,True,COUNT_OK_SPEED_ZERO
2026-03-23,27,WD24,North-East,Entry,95,93,71,0,False,False,True,1203.0,3792.0,0.0,100.0,0,0,0,95,95,95,95,95,95,100.0,False,False,True,COUNT_OK_SPEED_ZERO
2026-03-24,27,WD24,North-East,Entry,95,90,73,0,False,False,True,1215.0,3941.0,0.0,100.0,0,0,0,95,95,95,95,95,95,100.0,False,False,True,COUNT_OK_SPEED_ZERO
2026-03-25,27,WD24,North-East,Entry,95,89,73,0,False,False,True,1182.0,3867.0,0.0,100.0,0,0,0,95,95,95,95,95,95,100.0,False,False,True,COUNT_OK_SPEED_ZERO
2026-03-26,27,WD24,North-East,Entry,93,92,78,0,False,False,True,1136.0,3822.0,0.0,100.0,0,0,0,93,93,93,93,93,93,100.0,False,False,True,COUNT_OK_SPEED_ZERO
2026-03-27,27,WD24,North-East,Entry,95,93,82,0,False,False,True,1258.0,3950.0,0.0,100.0,0,0,0,95,95,95,95,95,95,100.0,False,False,True,COUNT_OK_SPEED_ZERO
2026-03-28,27,WD24,North-East,Entry,95,95,84,0,False,False,True,1068.0,3202.0,0.0,100.0,0,0,0,95,95,95,95,95,95,100.0,False,False,True,COUNT_OK_SPEED_ZERO
2026-03-29,27,WD24,North-East,Entry,95,93,80,0,False,False,True,862.0,2696.0,0.0,100.0,0,0,0,95,95,95,95,95,95,100.0,False,False,True,COUNT_OK_SPEED_ZERO
2026-03-30,27,WD24,North-East,Entry,95,90,76,0,False,False,True,1168.0,3581.0,0.0,100.0,0,0,0,95,95,95,95,95,95,100.0,False,False,True,COUNT_OK_SPEED_ZERO
2026-03-31,27,WD24,North-East,Entry,95,88,75,0,False,False,True,1201.0,3702.0,0.0,100.0,0,0,0,95,95,95,95,95,95,100.0,False,False,True,COUNT_OK_SPEED_ZERO
2026-04-01,27,WD24,North-East,Entry,95,92,78,0,False,False,True,1158.0,3676.0,0.0,100.0,0,0,0,95,95,95,95,95,95,100.0,False,False,True,COUNT_OK_SPEED_ZERO
2026-03-01,28,WD31,North-West,Entry,95,58,40,0,False,False,True,145.0,283.0,0.0,100.0,0,0,0,95,95,95,95,95,95,100.0,False,False,True,COUNT_OK_SPEED_ZERO
2026-03-02,28,WD31,North-West,Entry,95,70,55,0,False,False,True,297.0,519.0,0.0,100.0,0,0,0,95,95,95,95,95,95,100.0,False,False,True,COUNT_OK_SPEED_ZERO
2026-03-03,28,WD31,North-West,Entry,95,65,57,0,False,False,True,349.0,709.0,0.0,100.0,0,0,0,95,95,95,95,95,95,100.0,False,False,True,COUNT_OK_SPEED_ZERO
2026-03-04,28,WD31,North-West,Entry,95,70,60,0,False,False,True,310.0,597.0,0.0,100.0,0,0,0,95,95,95,95,95,95,100.0,False,False,True,COUNT_OK_SPEED_ZERO
2026-03-05,28,WD31,North-West,Entry,95,69,58,0,False,False,True,297.0,542.0,0.0,100.0,0,0,0,95,95,95,95,95,95,100.0,False,False,True,COUNT_OK_SPEED_ZERO
2026-03-06,28,WD31,North-West,Entry,95,69,54,0,False,False,True,302.0,599.0,0.0,100.0,0,0,0,95,95,95,95,95,95,100.0,False,False,True,COUNT_OK_SPEED_ZERO
2026-03-07,28,WD31,North-West,Entry,95,71,49,0,False,False,True,239.0,360.0,0.0,100.0,0,0,0,95,95,95,95,95,95,100.0,False,False,True,COUNT_OK_SPEED_ZERO
2026-03-08,28,WD31,North-West,Entry,95,62,44,0,False,False,True,154.0,263.0,0.0,100.0,0,0,0,95,95,95,95,95,95,100.0,False,False,True,COUNT_OK_SPEED_ZERO
2026-03-09,28,WD31,North-West,Entry,95,67,55,0,False,False,True,307.0,529.0,0.0,100.0,0,0,0,95,95,95,95,95,95,100.0,False,False,True,COUNT_OK_SPEED_ZERO
2026-03-10,28,WD31,North-West,Entry,95,75,67,0,False,False,True,524.0,658.0,0.0,100.0,0,0,0,95,95,95,95,95,95,100.0,False,False,True,COUNT_OK_SPEED_ZERO
2026-03-11,28,WD31,North-West,Entry,95,87,76,0,False,False,True,1482.0,1558.0,0.0,100.0,0,0,0,95,95,95,95,95,95,100.0,False,False,True,COUNT_OK_SPEED_ZERO
2026-03-12,28,WD31,North-West,Entry,95,73,55,0,False,False,True,342.0,535.0,0.0,100.0,0,0,0,95,95,95,95,95,95,100.0,False,False,True,COUNT_OK_SPEED_ZERO
2026-03-13,28,WD31,North-West,Entry,95,77,75,0,False,False,True,1141.0,1229.0,0.0,100.0,0,0,0,95,95,95,95,95,95,100.0,False,False,True,COUNT_OK_SPEED_ZERO
2026-03-14,28,WD31,North-West,Entry,95,95,86,0,False,False,True,957.0,1169.0,0.0,100.0,0,0,0,95,95,95,95,95,95,100.0,False,False,True,COUNT_OK_SPEED_ZERO
2026-03-15,28,WD31,North-West,Entry,95,77,54,0,False,False,True,402.0,395.0,0.0,100.0,0,0,0,95,95,95,95,95,95,100.0,False,False,True,COUNT_OK_SPEED_ZERO
2026-03-16,28,WD31,North-West,Entry,95,86,73,0,False,False,True,838.0,925.0,0.0,100.0,0,0,0,95,95,95,95,95,95,100.0,False,False,True,COUNT_OK_SPEED_ZERO
2026-03-17,28,WD31,North-West,Entry,95,92,91,0,False,False,True,1407.0,1431.0,0.0,100.0,0,0,0,95,95,95,95,95,95,100.0,False,False,True,COUNT_OK_SPEED_ZERO
2026-03-18,28,WD31,North-West,Entry,95,72,54,0,False,False,True,301.0,506.0,0.0,100.0,0,0,0,95,95,95,95,95,95,100.0,False,False,True,COUNT_OK_SPEED_ZERO
2026-03-19,28,WD31,North-West,Entry,95,69,56,0,False,False,True,306.0,574.0,0.0,100.0,0,0,0,95,95,95,95,95,95,100.0,False,False,True,COUNT_OK_SPEED_ZERO
2026-03-20,28,WD31,North-West,Entry,95,77,60,0,False,False,True,327.0,506.0,0.0,100.0,0,0,0,95,95,95,95,95,95,100.0,False,False,True,COUNT_OK_SPEED_ZERO
2026-03-21,28,WD31,North-West,Entry,95,78,51,0,False,False,True,308.0,328.0,0.0,100.0,0,0,0,95,95,95,95,95,95,100.0,False,False,True,COUNT_OK_SPEED_ZERO
2026-03-22,28,WD31,North-West,Entry,95,71,51,0,False,False,True,338.0,407.0,0.0,100.0,0,0,0,95,95,95,95,95,95,100.0,False,False,True,COUNT_OK_SPEED_ZERO
2026-03-23,28,WD31,North-West,Entry,95,68,59,0,False,False,True,362.0,690.0,0.0,100.0,0,0,0,95,95,95,95,95,95,100.0,False,False,True,COUNT_OK_SPEED_ZERO
2026-03-24,28,WD31,North-West,Entry,95,71,59,0,False,False,True,372.0,610.0,0.0,100.0,0,0,0,95,95,95,95,95,95,100.0,False,False,True,COUNT_OK_SPEED_ZERO
2026-03-25,28,WD31,North-West,Entry,95,76,58,0,False,False,True,861.0,1168.0,0.0,100.0,0,0,0,95,95,95,95,95,95,100.0,False,False,True,COUNT_OK_SPEED_ZERO
2026-03-26,28,WD31,North-West,Entry,93,84,61,0,False,False,True,528.0,638.0,0.0,100.0,0,0,0,93,93,93,93,93,93,100.0,False,False,True,COUNT_OK_SPEED_ZERO
2026-03-27,28,WD31,North-West,Entry,95,76,64,0,False,False,True,351.0,573.0,0.0,100.0,0,0,0,95,95,95,95,95,95,100.0,False,False,True,COUNT_OK_SPEED_ZERO
2026-03-28,28,WD31,North-West,Entry,95,80,64,0,False,False,True,839.0,885.0,0.0,100.0,0,0,0,95,95,95,95,95,95,100.0,False,False,True,COUNT_OK_SPEED_ZERO
2026-03-29,28,WD31,North-West,Entry,95,67,47,0,False,False,True,277.0,332.0,0.0,100.0,0,0,0,95,95,95,95,95,95,100.0,False,False,True,COUNT_OK_SPEED_ZERO
2026-03-30,28,WD31,North-West,Entry,95,87,77,0,False,False,True,554.0,747.0,0.0,100.0,0,0,0,95,95,95,95,95,95,100.0,False,False,True,COUNT_OK_SPEED_ZERO
2026-03-31,28,WD31,North-West,Entry,95,82,67,0,False,False,True,701.0,759.0,0.0,100.0,0,0,0,95,95,95,95,95,95,100.0,False,False,True,COUNT_OK_SPEED_ZERO
2026-04-01,28,WD31,North-West,Entry,95,78,56,0,False,False,True,323.0,541.0,0.0,100.0,0,0,0,95,95,95,95,95,95,100.0,False,False,True,COUNT_OK_SPEED_ZERO
2026-03-01,29,WD32,North-West,Entry,95,61,37,0,False,False,True,209.0,178.0,0.0,100.0,0,0,0,95,95,95,95,95,95,100.0,False,False,True,COUNT_OK_SPEED_ZERO
2026-03-02,29,WD32,North-West,Entry,95,72,52,0,False,False,True,409.0,759.0,0.0,100.0,0,0,0,95,95,95,95,95,95,100.0,False,False,True,COUNT_OK_SPEED_ZERO
2026-03-03,29,WD32,North-West,Entry,95,68,55,0,False,False,True,470.0,629.0,0.0,100.0,0,0,0,95,95,95,95,95,95,100.0,False,False,True,COUNT_OK_SPEED_ZERO
2026-03-04,29,WD32,North-West,Entry,95,70,60,0,False,False,True,404.0,455.0,0.0,100.0,0,0,0,95,95,95,95,95,95,100.0,False,False,True,COUNT_OK_SPEED_ZERO
2026-03-05,29,WD32,North-West,Entry,95,71,61,0,False,False,True,398.0,672.0,0.0,100.0,0,0,0,95,95,95,95,95,95,100.0,False,False,True,COUNT_OK_SPEED_ZERO
2026-03-06,29,WD32,North-West,Entry,95,70,58,0,False,False,True,438.0,573.0,0.0,100.0,0,0,0,95,95,95,95,95,95,100.0,False,False,True,COUNT_OK_SPEED_ZERO
2026-03-07,29,WD32,North-West,Entry,95,74,51,0,False,False,True,344.0,548.0,0.0,100.0,0,0,0,95,95,95,95,95,95,100.0,False,False,True,COUNT_OK_SPEED_ZERO
2026-03-08,29,WD32,North-West,Entry,95,62,40,0,False,False,True,187.0,531.0,0.0,100.0,0,0,0,95,95,95,95,95,95,100.0,False,False,True,COUNT_OK_SPEED_ZERO
2026-03-09,29,WD32,North-West,Entry,95,67,58,0,False,False,True,410.0,476.0,0.0,100.0,0,0,0,95,95,95,95,95,95,100.0,False,False,True,COUNT_OK_SPEED_ZERO
2026-03-10,29,WD32,North-West,Entry,95,69,58,0,False,False,True,425.0,943.0,0.0,100.0,0,0,0,95,95,95,95,95,95,100.0,False,False,True,COUNT_OK_SPEED_ZERO
2026-03-11,29,WD32,North-West,Entry,95,73,57,0,False,False,True,572.0,643.0,0.0,100.0,0,0,0,95,95,95,95,95,95,100.0,False,False,True,COUNT_OK_SPEED_ZERO
2026-03-12,29,WD32,North-West,Entry,95,71,53,0,False,False,True,412.0,791.0,0.0,100.0,0,0,0,95,95,95,95,95,95,100.0,False,False,True,COUNT_OK_SPEED_ZERO
2026-03-13,29,WD32,North-West,Entry,95,77,64,0,False,False,True,542.0,715.0,0.0,100.0,0,0,0,95,95,95,95,95,95,100.0,False,False,True,COUNT_OK_SPEED_ZERO
2026-03-14,29,WD32,North-West,Entry,95,71,48,0,False,False,True,343.0,309.0,0.0,100.0,0,0,0,95,95,95,95,95,95,100.0,False,False,True,COUNT_OK_SPEED_ZERO
2026-03-15,29,WD32,North-West,Entry,95,66,35,0,False,False,True,216.0,191.0,0.0,100.0,0,0,0,95,95,95,95,95,95,100.0,False,False,True,COUNT_OK_SPEED_ZERO
2026-03-16,29,WD32,North-West,Entry,95,71,58,0,False,False,True,515.0,375.0,0.0,100.0,0,0,0,95,95,95,95,95,95,100.0,False,False,True,COUNT_OK_SPEED_ZERO
2026-03-17,29,WD32,North-West,Entry,95,73,57,0,False,False,True,560.0,629.0,0.0,100.0,0,0,0,95,95,95,95,95,95,100.0,False,False,True,COUNT_OK_SPEED_ZERO
2026-03-18,29,WD32,North-West,Entry,95,70,52,0,False,False,True,365.0,668.0,0.0,100.0,0,0,0,95,95,95,95,95,95,100.0,False,False,True,COUNT_OK_SPEED_ZERO
2026-03-19,29,WD32,North-West,Entry,95,72,56,0,False,False,True,409.0,693.0,0.0,100.0,0,0,0,95,95,95,95,95,95,100.0,False,False,True,COUNT_OK_SPEED_ZERO
2026-03-20,29,WD32,North-West,Entry,95,77,61,0,False,False,True,381.0,439.0,0.0,100.0,0,0,0,95,95,95,95,95,95,100.0,False,False,True,COUNT_OK_SPEED_ZERO
2026-03-21,29,WD32,North-West,Entry,95,71,44,0,False,False,True,258.0,452.0,0.0,100.0,0,0,0,95,95,95,95,95,95,100.0,False,False,True,COUNT_OK_SPEED_ZERO
2026-03-22,29,WD32,North-West,Entry,95,64,50,0,False,False,True,199.0,647.0,0.0,100.0,0,0,0,95,95,95,95,95,95,100.0,False,False,True,COUNT_OK_SPEED_ZERO
2026-03-23,29,WD32,North-West,Entry,95,68,59,0,False,False,True,410.0,516.0,0.0,100.0,0,0,0,95,95,95,95,95,95,100.0,False,False,True,COUNT_OK_SPEED_ZERO
2026-03-24,29,WD32,North-West,Entry,95,71,58,0,False,False,True,399.0,972.0,0.0,100.0,0,0,0,95,95,95,95,95,95,100.0,False,False,True,COUNT_OK_SPEED_ZERO
2026-03-25,29,WD32,North-West,Entry,95,66,57,0,False,False,True,516.0,518.0,0.0,100.0,0,0,0,95,95,95,95,95,95,100.0,False,False,True,COUNT_OK_SPEED_ZERO
2026-03-26,29,WD32,North-West,Entry,93,75,55,0,False,False,True,446.0,520.0,0.0,100.0,0,0,0,93,93,93,93,93,93,100.0,False,False,True,COUNT_OK_SPEED_ZERO
2026-03-27,29,WD32,North-West,Entry,95,78,64,0,False,False,True,469.0,491.0,0.0,100.0,0,0,0,95,95,95,95,95,95,100.0,False,False,True,COUNT_OK_SPEED_ZERO
2026-03-28,29,WD32,North-West,Entry,95,75,44,0,False,False,True,341.0,343.0,0.0,100.0,0,0,0,95,95,95,95,95,95,100.0,False,False,True,COUNT_OK_SPEED_ZERO
2026-03-29,29,WD32,North-West,Entry,95,64,41,0,False,False,True,233.0,300.0,0.0,100.0,0,0,0,95,95,95,95,95,95,100.0,False,False,True,COUNT_OK_SPEED_ZERO
2026-03-30,29,WD32,North-West,Entry,95,79,60,0,False,False,True,427.0,368.0,0.0,100.0,0,0,0,95,95,95,95,95,95,100.0,False,False,True,COUNT_OK_SPEED_ZERO
2026-03-31,29,WD32,North-West,Entry,95,66,58,0,False,False,True,371.0,419.0,0.0,100.0,0,0,0,95,95,95,95,95,95,100.0,False,False,True,COUNT_OK_SPEED_ZERO
2026-04-01,29,WD32,North-West,Entry,95,75,60,0,False,False,True,340.0,441.0,0.0,100.0,0,0,0,95,95,95,95,95,95,100.0,False,False,True,COUNT_OK_SPEED_ZERO
2026-03-01,30,WD51,South,Entry,95,80,60,0,False,False,True,522.0,1196.0,0.0,100.0,0,0,0,95,95,95,95,95,95,100.0,False,False,True,COUNT_OK_SPEED_ZERO
2026-03-02,30,WD51,South,Entry,95,77,66,0,False,False,True,1016.0,2242.0,0.0,100.0,0,0,0,95,95,95,95,95,95,100.0,False,False,True,COUNT_OK_SPEED_ZERO
2026-03-03,30,WD51,South,Entry,95,79,65,0,False,False,True,1031.0,2316.0,0.0,100.0,0,0,0,95,95,95,95,95,95,100.0,False,False,True,COUNT_OK_SPEED_ZERO
2026-03-04,30,WD51,South,Entry,95,78,64,0,False,False,True,1019.0,2394.0,0.0,100.0,0,0,0,95,95,95,95,95,95,100.0,False,False,True,COUNT_OK_SPEED_ZERO
2026-03-05,30,WD51,South,Entry,95,79,65,0,False,False,True,976.0,2163.0,0.0,100.0,0,0,0,95,95,95,95,95,95,100.0,False,False,True,COUNT_OK_SPEED_ZERO
2026-03-06,30,WD51,South,Entry,95,81,66,0,False,False,True,1006.0,2247.0,0.0,100.0,0,0,0,95,95,95,95,95,95,100.0,False,False,True,COUNT_OK_SPEED_ZERO
2026-03-07,30,WD51,South,Entry,95,82,67,0,False,False,True,640.0,1564.0,0.0,100.0,0,0,0,95,95,95,95,95,95,100.0,False,False,True,COUNT_OK_SPEED_ZERO
2026-03-08,30,WD51,South,Entry,95,83,61,0,False,False,True,548.0,1264.0,0.0,100.0,0,0,0,95,95,95,95,95,95,100.0,False,False,True,COUNT_OK_SPEED_ZERO
2026-03-09,30,WD51,South,Entry,95,81,65,0,False,False,True,1060.0,2310.0,0.0,100.0,0,0,0,95,95,95,95,95,95,100.0,False,False,True,COUNT_OK_SPEED_ZERO
2026-03-10,30,WD51,South,Entry,95,77,73,0,False,False,True,974.0,3193.0,0.0,100.0,0,0,0,95,95,95,95,95,95,100.0,False,False,True,COUNT_OK_SPEED_ZERO
2026-03-11,30,WD51,South,Entry,95,54,72,0,False,False,True,747.0,4714.0,0.0,100.0,0,0,0,95,95,95,95,95,95,100.0,False,False,True,COUNT_OK_SPEED_ZERO
2026-03-12,30,WD51,South,Entry,95,80,67,0,False,False,True,994.0,2333.0,0.0,100.0,0,0,0,95,95,95,95,95,95,100.0,False,False,True,COUNT_OK_SPEED_ZERO
2026-03-13,30,WD51,South,Entry,95,82,71,0,False,False,True,1075.0,2703.0,0.0,100.0,0,0,0,95,95,95,95,95,95,100.0,False,False,True,COUNT_OK_SPEED_ZERO
2026-03-14,30,WD51,South,Entry,95,88,65,0,False,False,True,636.0,1280.0,0.0,100.0,0,0,0,95,95,95,95,95,95,100.0,False,False,True,COUNT_OK_SPEED_ZERO
2026-03-15,30,WD51,South,Entry,95,83,58,0,False,False,True,510.0,1276.0,0.0,100.0,0,0,0,95,95,95,95,95,95,100.0,False,False,True,COUNT_OK_SPEED_ZERO
2026-03-16,30,WD51,South,Entry,95,78,63,0,False,False,True,1000.0,2217.0,0.0,100.0,0,0,0,95,95,95,95,95,95,100.0,False,False,True,COUNT_OK_SPEED_ZERO
2026-03-17,30,WD51,South,Entry,95,88,63,0,False,False,True,1029.0,2259.0,0.0,100.0,0,0,0,95,95,95,95,95,95,100.0,False,False,True,COUNT_OK_SPEED_ZERO
2026-03-18,30,WD51,South,Entry,95,75,66,0,False,False,True,961.0,2168.0,0.0,100.0,0,0,0,95,95,95,95,95,95,100.0,False,False,True,COUNT_OK_SPEED_ZERO
2026-03-19,30,WD51,South,Entry,95,83,65,0,False,False,True,891.0,2042.0,0.0,100.0,0,0,0,95,95,95,95,95,95,100.0,False,False,True,COUNT_OK_SPEED_ZERO
2026-03-20,30,WD51,South,Entry,95,81,65,0,False,False,True,1010.0,2362.0,0.0,100.0,0,0,0,95,95,95,95,95,95,100.0,False,False,True,COUNT_OK_SPEED_ZERO
2026-03-21,30,WD51,South,Entry,95,83,64,0,False,False,True,610.0,1432.0,0.0,100.0,0,0,0,95,95,95,95,95,95,100.0,False,False,True,COUNT_OK_SPEED_ZERO
2026-03-22,30,WD51,South,Entry,95,78,60,0,False,False,True,508.0,1248.0,0.0,100.0,0,0,0,95,95,95,95,95,95,100.0,False,False,True,COUNT_OK_SPEED_ZERO
2026-03-23,30,WD51,South,Entry,95,84,66,0,False,False,True,1020.0,2239.0,0.0,100.0,0,0,0,95,95,95,95,95,95,100.0,False,False,True,COUNT_OK_SPEED_ZERO
2026-03-24,30,WD51,South,Entry,95,82,64,0,False,False,True,1092.0,2508.0,0.0,100.0,0,0,0,95,95,95,95,95,95,100.0,False,False,True,COUNT_OK_SPEED_ZERO
2026-03-25,30,WD51,South,Entry,95,78,64,0,False,False,True,929.0,2672.0,0.0,100.0,0,0,0,95,95,95,95,95,95,100.0,False,False,True,COUNT_OK_SPEED_ZERO
2026-03-26,30,WD51,South,Entry,93,82,62,0,False,False,True,1051.0,2295.0,0.0,100.0,0,0,0,93,93,93,93,93,93,100.0,False,False,True,COUNT_OK_SPEED_ZERO
2026-03-27,30,WD51,South,Entry,95,83,64,0,False,False,True,1005.0,2292.0,0.0,100.0,0,0,0,95,95,95,95,95,95,100.0,False,False,True,COUNT_OK_SPEED_ZERO
2026-03-28,30,WD51,South,Entry,95,83,64,0,False,False,True,598.0,1389.0,0.0,100.0,0,0,0,95,95,95,95,95,95,100.0,False,False,True,COUNT_OK_SPEED_ZERO
2026-03-29,30,WD51,South,Entry,95,80,59,0,False,False,True,441.0,1165.0,0.0,100.0,0,0,0,95,95,95,95,95,95,100.0,False,False,True,COUNT_OK_SPEED_ZERO
2026-03-30,30,WD51,South,Entry,95,81,65,0,False,False,True,789.0,1967.0,0.0,100.0,0,0,0,95,95,95,95,95,95,100.0,False,False,True,COUNT_OK_SPEED_ZERO
2026-03-31,30,WD51,South,Entry,95,82,65,0,False,False,True,801.0,1914.0,0.0,100.0,0,0,0,95,95,95,95,95,95,100.0,False,False,True,COUNT_OK_SPEED_ZERO
2026-04-01,30,WD51,South,Entry,95,83,64,0,False,False,True,809.0,1823.0,0.0,100.0,0,0,0,95,95,95,95,95,95,100.0,False,False,True,COUNT_OK_SPEED_ZERO
2026-03-01,31,WD52,South,Entry,95,84,60,0,False,False,True,594.0,1258.0,0.0,100.0,0,0,0,95,95,95,95,95,95,100.0,False,False,True,COUNT_OK_SPEED_ZERO
2026-03-02,31,WD52,South,Entry,95,78,68,0,False,False,True,1000.0,2396.0,0.0,100.0,0,0,0,95,95,95,95,95,95,100.0,False,False,True,COUNT_OK_SPEED_ZERO
2026-03-03,31,WD52,South,Entry,95,81,66,0,False,False,True,980.0,2492.0,0.0,100.0,0,0,0,95,95,95,95,95,95,100.0,False,False,True,COUNT_OK_SPEED_ZERO
2026-03-04,31,WD52,South,Entry,95,81,64,0,False,False,True,983.0,2475.0,0.0,100.0,0,0,0,95,95,95,95,95,95,100.0,False,False,True,COUNT_OK_SPEED_ZERO
2026-03-05,31,WD52,South,Entry,95,78,64,0,False,False,True,927.0,2342.0,0.0,100.0,0,0,0,95,95,95,95,95,95,100.0,False,False,True,COUNT_OK_SPEED_ZERO
2026-03-06,31,WD52,South,Entry,95,83,67,0,False,False,True,1057.0,2377.0,0.0,100.0,0,0,0,95,95,95,95,95,95,100.0,False,False,True,COUNT_OK_SPEED_ZERO
2026-03-07,31,WD52,South,Entry,95,88,69,0,False,False,True,773.0,1596.0,0.0,100.0,0,0,0,95,95,95,95,95,95,100.0,False,False,True,COUNT_OK_SPEED_ZERO
2026-03-08,31,WD52,South,Entry,95,89,61,0,False,False,True,619.0,1358.0,0.0,100.0,0,0,0,95,95,95,95,95,95,100.0,False,False,True,COUNT_OK_SPEED_ZERO
2026-03-09,31,WD52,South,Entry,95,86,65,0,False,False,True,1031.0,2542.0,0.0,100.0,0,0,0,95,95,95,95,95,95,100.0,False,False,True,COUNT_OK_SPEED_ZERO
2026-03-10,31,WD52,South,Entry,95,80,73,0,False,False,True,983.0,3269.0,0.0,100.0,0,0,0,95,95,95,95,95,95,100.0,False,False,True,COUNT_OK_SPEED_ZERO
2026-03-11,31,WD52,South,Entry,95,58,72,0,False,False,True,691.0,4783.0,0.0,100.0,0,0,0,95,95,95,95,95,95,100.0,False,False,True,COUNT_OK_SPEED_ZERO
2026-03-12,31,WD52,South,Entry,95,81,67,0,False,False,True,965.0,2385.0,0.0,100.0,0,0,0,95,95,95,95,95,95,100.0,False,False,True,COUNT_OK_SPEED_ZERO
2026-03-13,31,WD52,South,Entry,95,85,71,0,False,False,True,974.0,2795.0,0.0,100.0,0,0,0,95,95,95,95,95,95,100.0,False,False,True,COUNT_OK_SPEED_ZERO
2026-03-14,31,WD52,South,Entry,95,90,67,0,False,False,True,772.0,1338.0,0.0,100.0,0,0,0,95,95,95,95,95,95,100.0,False,False,True,COUNT_OK_SPEED_ZERO
2026-03-15,31,WD52,South,Entry,95,87,61,0,False,False,True,574.0,1331.0,0.0,100.0,0,0,0,95,95,95,95,95,95,100.0,False,False,True,COUNT_OK_SPEED_ZERO
2026-03-16,31,WD52,South,Entry,95,83,63,0,False,False,True,1007.0,2390.0,0.0,100.0,0,0,0,95,95,95,95,95,95,100.0,False,False,True,COUNT_OK_SPEED_ZERO
2026-03-17,31,WD52,South,Entry,95,89,65,0,False,False,True,1004.0,2367.0,0.0,100.0,0,0,0,95,95,95,95,95,95,100.0,False,False,True,COUNT_OK_SPEED_ZERO
2026-03-18,31,WD52,South,Entry,95,80,67,0,False,False,True,916.0,2235.0,0.0,100.0,0,0,0,95,95,95,95,95,95,100.0,False,False,True,COUNT_OK_SPEED_ZERO
2026-03-19,31,WD52,South,Entry,95,84,66,0,False,False,True,892.0,2097.0,0.0,100.0,0,0,0,95,95,95,95,95,95,100.0,False,False,True,COUNT_OK_SPEED_ZERO
2026-03-20,31,WD52,South,Entry,95,86,65,0,False,False,True,1014.0,2458.0,0.0,100.0,0,0,0,95,95,95,95,95,95,100.0,False,False,True,COUNT_OK_SPEED_ZERO
2026-03-21,31,WD52,South,Entry,95,88,65,0,False,False,True,686.0,1529.0,0.0,100.0,0,0,0,95,95,95,95,95,95,100.0,False,False,True,COUNT_OK_SPEED_ZERO
2026-03-22,31,WD52,South,Entry,95,81,61,0,False,False,True,603.0,1302.0,0.0,100.0,0,0,0,95,95,95,95,95,95,100.0,False,False,True,COUNT_OK_SPEED_ZERO
2026-03-23,31,WD52,South,Entry,95,85,66,0,False,False,True,1029.0,2412.0,0.0,100.0,0,0,0,95,95,95,95,95,95,100.0,False,False,True,COUNT_OK_SPEED_ZERO
2026-03-24,31,WD52,South,Entry,95,83,64,0,False,False,True,1046.0,2602.0,0.0,100.0,0,0,0,95,95,95,95,95,95,100.0,False,False,True,COUNT_OK_SPEED_ZERO
2026-03-25,31,WD52,South,Entry,95,80,65,0,False,False,True,921.0,2844.0,0.0,100.0,0,0,0,95,95,95,95,95,95,100.0,False,False,True,COUNT_OK_SPEED_ZERO
2026-03-26,31,WD52,South,Entry,93,84,62,0,False,False,True,1024.0,2478.0,0.0,100.0,0,0,0,93,93,93,93,93,93,100.0,False,False,True,COUNT_OK_SPEED_ZERO
2026-03-27,31,WD52,South,Entry,95,85,67,0,False,False,True,995.0,2429.0,0.0,100.0,0,0,0,95,95,95,95,95,95,100.0,False,False,True,COUNT_OK_SPEED_ZERO
2026-03-28,31,WD52,South,Entry,95,85,67,0,False,False,True,680.0,1484.0,0.0,100.0,0,0,0,95,95,95,95,95,95,100.0,False,False,True,COUNT_OK_SPEED_ZERO
2026-03-29,31,WD52,South,Entry,95,89,60,0,False,False,True,519.0,1228.0,0.0,100.0,0,0,0,95,95,95,95,95,95,100.0,False,False,True,COUNT_OK_SPEED_ZERO
2026-03-30,31,WD52,South,Entry,95,84,65,0,False,False,True,807.0,2100.0,0.0,100.0,0,0,0,95,95,95,95,95,95,100.0,False,False,True,COUNT_OK_SPEED_ZERO
2026-03-31,31,WD52,South,Entry,95,83,65,0,False,False,True,830.0,2031.0,0.0,100.0,0,0,0,95,95,95,95,95,95,100.0,False,False,True,COUNT_OK_SPEED_ZERO
2026-04-01,31,WD52,South,Entry,95,82,65,0,False,False,True,855.0,1922.0,0.0,100.0,0,0,0,95,95,95,95,95,95,100.0,False,False,True,COUNT_OK_SPEED_ZERO
2026-03-01,1,VD11,West,Entry,95,95,87,0,False,False,True,3419.0,1869.0,0.0,100.0,0,0,0,95,95,95,95,95,95,100.0,False,False,True,COUNT_OK_SPEED_ZERO
2026-03-02,1,VD11,West,Entry,95,93,86,0,False,False,True,4556.0,3273.0,0.0,100.0,0,0,0,95,95,95,95,95,95,100.0,False,False,True,COUNT_OK_SPEED_ZERO
2026-03-03,1,VD11,West,Entry,95,94,84,0,False,False,True,4560.0,3207.0,0.0,100.0,0,0,0,95,95,95,95,95,95,100.0,False,False,True,COUNT_OK_SPEED_ZERO
2026-03-04,1,VD11,West,Entry,95,95,84,0,False,False,True,4368.0,3122.0,0.0,100.0,0,0,0,95,95,95,95,95,95,100.0,False,False,True,COUNT_OK_SPEED_ZERO
2026-03-05,1,VD11,West,Entry,95,94,85,0,False,False,True,4604.0,3281.0,0.0,100.0,0,0,0,95,95,95,95,95,95,100.0,False,False,True,COUNT_OK_SPEED_ZERO
2026-03-06,1,VD11,West,Entry,95,95,87,0,False,False,True,4380.0,3202.0,0.0,100.0,0,0,0,95,95,95,95,95,95,100.0,False,False,True,COUNT_OK_SPEED_ZERO
2026-03-07,1,VD11,West,Entry,95,95,88,0,False,False,True,4150.0,2560.0,0.0,100.0,0,0,0,95,95,95,95,95,95,100.0,False,False,True,COUNT_OK_SPEED_ZERO
2026-03-08,1,VD11,West,Entry,95,95,93,0,False,False,True,3389.0,1738.0,0.0,100.0,0,0,0,95,95,95,95,95,95,100.0,False,False,True,COUNT_OK_SPEED_ZERO
2026-03-09,1,VD11,West,Entry,95,94,86,0,False,False,True,3994.0,3176.0,0.0,100.0,0,0,0,95,95,95,95,95,95,100.0,False,False,True,COUNT_OK_SPEED_ZERO
2026-03-10,1,VD11,West,Entry,95,92,86,0,False,False,True,4357.0,3265.0,0.0,100.0,0,0,0,95,95,95,95,95,95,100.0,False,False,True,COUNT_OK_SPEED_ZERO
2026-03-11,1,VD11,West,Entry,95,93,87,0,False,False,True,3275.0,3457.0,0.0,100.0,0,0,0,95,95,95,95,95,95,100.0,False,False,True,COUNT_OK_SPEED_ZERO
2026-03-12,1,VD11,West,Entry,95,94,86,0,False,False,True,4072.0,3290.0,0.0,100.0,0,0,0,95,95,95,95,95,95,100.0,False,False,True,COUNT_OK_SPEED_ZERO
2026-03-13,1,VD11,West,Entry,95,92,87,0,False,False,True,3964.0,3253.0,0.0,100.0,0,0,0,95,95,95,95,95,95,100.0,False,False,True,COUNT_OK_SPEED_ZERO
2026-03-14,1,VD11,West,Entry,95,95,93,0,False,False,True,3567.0,2483.0,0.0,100.0,0,0,0,95,95,95,95,95,95,100.0,False,False,True,COUNT_OK_SPEED_ZERO
2026-03-15,1,VD11,West,Entry,95,95,87,0,False,False,True,3118.0,1667.0,0.0,100.0,0,0,0,95,95,95,95,95,95,100.0,False,False,True,COUNT_OK_SPEED_ZERO
2026-03-16,1,VD11,West,Entry,95,94,85,0,False,False,True,3599.0,3138.0,0.0,100.0,0,0,0,95,95,95,95,95,95,100.0,False,False,True,COUNT_OK_SPEED_ZERO
2026-03-17,1,VD11,West,Entry,95,95,86,0,False,False,True,3756.0,3140.0,0.0,100.0,0,0,0,95,95,95,95,95,95,100.0,False,False,True,COUNT_OK_SPEED_ZERO
2026-03-18,1,VD11,West,Entry,95,95,85,0,False,False,True,4465.0,3006.0,0.0,100.0,0,0,0,95,95,95,95,95,95,100.0,False,False,True,COUNT_OK_SPEED_ZERO
2026-03-19,1,VD11,West,Entry,95,92,87,0,False,False,True,4410.0,3332.0,0.0,100.0,0,0,0,95,95,95,95,95,95,100.0,False,False,True,COUNT_OK_SPEED_ZERO
2026-03-20,1,VD11,West,Entry,95,95,88,0,False,False,True,4509.0,3360.0,0.0,100.0,0,0,0,95,95,95,95,95,95,100.0,False,False,True,COUNT_OK_SPEED_ZERO
2026-03-21,1,VD11,West,Entry,95,95,91,0,False,False,True,3825.0,2378.0,0.0,100.0,0,0,0,95,95,95,95,95,95,100.0,False,False,True,COUNT_OK_SPEED_ZERO
2026-03-22,1,VD11,West,Entry,95,95,85,0,False,False,True,3207.0,1676.0,0.0,100.0,0,0,0,95,95,95,95,95,95,100.0,False,False,True,COUNT_OK_SPEED_ZERO
2026-03-23,1,VD11,West,Entry,95,94,84,0,False,False,True,4221.0,3260.0,0.0,100.0,0,0,0,95,95,95,95,95,95,100.0,False,False,True,COUNT_OK_SPEED_ZERO
2026-03-24,1,VD11,West,Entry,95,93,83,0,False,False,True,4138.0,3210.0,0.0,100.0,0,0,0,95,95,95,95,95,95,100.0,False,False,True,COUNT_OK_SPEED_ZERO
2026-03-25,1,VD11,West,Entry,95,93,84,0,False,False,True,3264.0,3224.0,0.0,100.0,0,0,0,95,95,95,95,95,95,100.0,False,False,True,COUNT_OK_SPEED_ZERO
2026-03-26,1,VD11,West,Entry,93,91,84,0,False,False,True,3892.0,3158.0,0.0,100.0,0,0,0,93,93,93,93,93,93,100.0,False,False,True,COUNT_OK_SPEED_ZERO
2026-03-27,1,VD11,West,Entry,95,92,85,0,False,False,True,4533.0,3299.0,0.0,100.0,0,0,0,95,95,95,95,95,95,100.0,False,False,True,COUNT_OK_SPEED_ZERO
2026-03-28,1,VD11,West,Entry,95,95,93,0,False,False,True,3272.0,2356.0,0.0,100.0,0,0,0,95,95,95,95,95,95,100.0,False,False,True,COUNT_OK_SPEED_ZERO
2026-03-29,1,VD11,West,Entry,95,92,87,0,False,False,True,3145.0,1696.0,0.0,100.0,0,0,0,95,95,95,95,95,95,100.0,False,False,True,COUNT_OK_SPEED_ZERO
2026-03-30,1,VD11,West,Entry,95,92,85,0,False,False,True,3811.0,3081.0,0.0,100.0,0,0,0,95,95,95,95,95,95,100.0,False,False,True,COUNT_OK_SPEED_ZERO
2026-03-31,1,VD11,West,Entry,95,95,86,0,False,False,True,3872.0,3013.0,0.0,100.0,0,0,0,95,95,95,95,95,95,100.0,False,False,True,COUNT_OK_SPEED_ZERO
2026-04-01,1,VD11,West,Entry,95,93,86,0,False,False,True,4172.0,2983.0,0.0,100.0,0,0,0,95,95,95,95,95,95,100.0,False,False,True,COUNT_OK_SPEED_ZERO
